Angry	'1968 - TrackTribe.mp3'
Angry	'Amazer Lazer - Audio Hertz.mp3'
Angry	'Arms Dealer - Anno Domini Beats.mp3'
Angry	'Baba - Jeremy Black.mp3'
Angry	'Back and Forth - Silent Partner.mp3'
Angry	'Barilicious - Dan Lebowitz.mp3'
Angry	'Battleground - Ethan Meixsell.mp3'
Angry	'Beartooth Strangleheart - Birocratic.mp3'
Angry	 bensound-actionable.mp3
Angry	'Blood, Sweat, No Tears - Jeremy Korpas.mp3'
Angry	'Busy Beat - Silent Partner.mp3'
Angry	'Electro Fight - Kwon.mp3'
Angry	'Emergency On Level 3 - Jeremy Korpas.mp3'
Angry	'Everyone You Know - Letter Box.mp3'
Angry	'Fast Anxiety - Jeremy Korpas.mp3'
Angry	'Final Boss - Myuu.mp3'
Angry	'First In Line - Silent Partner.mp3'
Angry	 frantic-15190.mp3
Angry	'Free Me - NEFFEX.mp3'
Angry	'Free Me (Instrumental) - NEFFEX.mp3'
Angry	'Frustrated - Bad Snacks.mp3'
Angry	'Game On - Jeremy Korpas.mp3'
Angry	'Garage - Topher Mohr and Alex Elena.mp3'
Angry	'Get Tough - TrackTribe.mp3'
Angry	'Get Yer Glow - Dan Lebowitz.mp3'
Angry	'Go Down Swinging - NEFFEX.mp3'
Angry	'Go Down Swinging (Instrumental) - NEFFEX.mp3'
Angry	'Going Up - Silent Partner.mp3'
Angry	'Greatest Of All Time - Silent Partner.mp3'
Angry	'Grey Flannel - Vans in Japan.mp3'
Angry	'Heavy Hideout - TrackTribe.mp3'
Angry	'Heavyweight - Ethan Meixsell.mp3'
Angry	'Higher Octane - Vans in Japan.mp3'
Angry	'Hollow Bells - Cxdy.mp3'
Angry	"It's Only Worth It if You Work for It - NEFFEX.mp3"
Angry	'It'\''s Only Worth It If You Work For It (Clean) - NEFFEX.mp3'
Angry	'It'\''s Only Worth It if You Work for It (Instrumental) - NEFFEX.mp3'
Angry	"Jack's Garage - Midnight North.mp3"
Angry	'Jakarta Riddim - Konrad OldMoney.mp3'
Angry	"Jon's On Fire - Silent Partner.mp3"
Angry	'Kill Kill Kill - Coyote Hearing.mp3'
Angry	'Let Her In - Silent Partner.mp3'
Angry	'Loitering - Riot.mp3'
Angry	'Lone Wolf - Dan Lebowitz.mp3'
Angry	'Luck Witch - Audio Hertz.mp3'
Angry	'Lucky Shot - ALBIS.mp3'
Angry	'Lyra Mortis - Loopop.mp3'
Angry	'Manic. No Depression. - Jeremy Korpas.mp3'
Angry	'Manifest It - NEFFEX.mp3'
Angry	'March On - Dan Lebowitz.mp3'
Angry	'Mexico - Ramzoid.mp3'
Angry	'Micro Fire - Silent Partner.mp3'
Angry	'Mission Start - The Brothers Records.mp3'
Angry	'Motocross - Topher Mohr and Alex Elena.mp3'
Angry	'Move Out - MK2.mp3'
Angry	'My Master - Jeremy Korpas.mp3'
Angry	'Never You Mind - Dan Lebowitz.mp3'
Angry	'No Turning Back - NEFFEX.mp3'
Angry	'No Turning Back (Clean) - NEFFEX.mp3'
Angry	'No Turning Back (Instrumental) - NEFFEX.mp3'
Angry	'North Sea - Riot.mp3'
Angry	"Nothin' Yet - Spazz Cardigan.mp3"
Angry	'Outlet - Silent Partner.mp3'
Angry	'Overdrive Ride - Dan Lebowitz.mp3'
Angry	'Phantom - Density & Time.mp3'
Angry	'Pomade - Silent Partner.mp3'
Angry	'Positioned - TrackTribe.mp3'
Angry	'Press Fuse - French Fuse.mp3'
Angry	'Pressure Cooker - Jeremy Korpas.mp3'
Angry	'Punk In Donuts - Hanu Dixit.mp3'
Angry	'Rabid - Ethan Meixsell.mp3'
Angry	'Raging Streets - SefChol.mp3'
Angry	'Raw Space - Spazz Cardigan.mp3'
Angry	'Restless Natives - Doug Maxwell_Media Right Productions.mp3'
Angry	"Reuben's Train - Nat Keefe with The Bow Ties.mp3"
Angry	'Riffs For Days - TrackTribe.mp3'
Angry	'Rise - Ethan Meixsell.mp3'
Angry	'Rise - HOVATOFF.mp3'
Angry	'Run - Ethan Meixsell.mp3'
Angry	'Running Scared - Jeremy Korpas.mp3'
Angry	'Running Through The Forest - Doug Maxwell_Media Right Productions.mp3'
Angry	'SeaTac - TrackTribe.mp3'
Angry	'Sewer - Ramzoid.mp3'
Angry	'Sharp - Jeremy Korpas.mp3'
Angry	'Slap Happy Riddim - Konrad OldMoney.mp3'
Angry	'Slay Well - Gunnar Olsen.mp3'
Angry	'Sonos - Lish Grooves.mp3'
Angry	'Sound The Alarm - TrackTribe.mp3'
Angry	'South - Silent Partner.mp3'
Angry	 sport-extreme-18389.mp3
Angry	'Stage Dive - Silent Partner.mp3'
Angry	'Start Your Engines - Ethan Meixsell.mp3'
Angry	'Statement (Clean) - NEFFEX.mp3'
Angry	 still-rise-109695.mp3
Angry	'Stomp - Silent Partner.mp3'
Angry	'Street Smart - Quincas Moreira.mp3'
Angry	'Subterranean Monster - Sir Cubworth.mp3'
Angry	'Sunset Riddim - Konrad OldMoney.mp3'
Angry	 survival-metal-with-solo-109315.mp3
Angry	'Target Fuse - French Fuse.mp3'
Angry	"Tell Me That I Can't - NEFFEX.mp3"
Angry	'Tell Me That I Can'\''t (Clean) - NEFFEX.mp3'
Angry	'Tell Me That I Can'\''t (Instrumental) - NEFFEX.mp3'
Angry	'Tension Nonstop - Myuu.mp3'
Angry	'Terrible Manners - Max McFerren.mp3'
Angry	'The Von Trapp Family Choir - Alge.mp3'
Angry	'This is Not Drum and Bass - True Cuckoo.mp3'
Angry	"Thor's Hammer - Ethan Meixsell.mp3"
Angry	'Thud - John Deley and the 41 Players.mp3'
Angry	'Tight Perm - Silent Partner.mp3'
Angry	'Time Piece - Silent Partner.mp3'
Angry	'To the Sun and Back - TrackTribe.mp3'
Angry	'Tomorrowville - Josh Kirsch_Media Right Productions.mp3'
Angry	'Transmission - John Deley and the 41 Players.mp3'
Angry	'Traversing - Godmode.mp3'
Angry	'Tropical Thunder - RKVC.mp3'
Angry	'Tuff Data - Vans in Japan.mp3'
Angry	'Twin Engines - Jeremy Korpas.mp3'
Angry	'Wixypol Rodeo - Coyote Hearing.mp3'
Angry	'Work Week - Topher Mohr and Alex Elena.mp3'
Bright	'8th World Wonder - RKVC.mp3'
Bright	'Above Planets - Patrick Patrikios.mp3'
Bright	'After You - Dan Lebowitz.mp3'
Bright	'All Stars - Patrick Patrikios.mp3'
Bright	'Banish Misfortune - Nat Keefe & Hot Buttered Rum.mp3'
Bright	'Barrel Full of Sea Monkeys - The Whole Other.mp3'
Bright	'Beach Brazil - TrackTribe.mp3'
Bright	'Bill Higley - Mini Vandals.mp3'
Bright	'Blank Slate - VYEN.mp3'
Bright	'Bop Walker - Freedom Trail Studio.mp3'
Bright	'Bright Eyed Blues - Unicorn Heads.mp3'
Bright	'Broken Drum Machine - Godmode.mp3'
Bright	'Busy City - TrackTribe.mp3'
Bright	'Call The Shots - Slynk.mp3'
Bright	'Calvary - TrackTribe.mp3'
Bright	'Catch Up - Dan Lebowitz.mp3'
Bright	'Cats and Gats - Dyalla.mp3'
Bright	'Cherokee Shuffle - Nat Keefe & Hot Buttered Rum.mp3'
Bright	'Chilltronic - RKVC.mp3'
Bright	'Christmas Chores - RKVC.mp3'
Bright	'City By Night - ELPHNT.mp3'
Bright	'Cloud Chaser - Spence.mp3'
Bright	'Cooper Ave - The Westerlies.mp3'
Bright	'Cover Charge - TrackTribe.mp3'
Bright	'Crack that Case - Nathan Moore.mp3'
Bright	'Dance of the Fireflies - Nathan Moore.mp3'
Bright	'Delta - TrackTribe.mp3'
Bright	'Digital Ghosts - Unicorn Heads.mp3'
Bright	'Digital Secrets - Unicorn Heads.mp3'
Bright	'Dive Down - VYEN.mp3'
Bright	'Drifting Sands - JAde Wii.mp3'
Bright	'Drunken Sailor - Cooper Cannell.mp3'
Bright	'Duck In The Alley - TrackTribe.mp3'
Bright	'Dude - Patrick Patrikios.mp3'
Bright	'Emerald Seas - Aaron Kenny.mp3'
Bright	'Empty Hearted Man - The 126ers.mp3'
Bright	'Everglow - Patrick Patrikios.mp3'
Bright	'Everything You Wanted - Dan Lebowitz.mp3'
Bright	'Fast and Run - Nico Staf.mp3'
Bright	'Finland - TrackTribe.mp3'
Bright	"Frailach 2 - E's Jammy Jams.mp3"
Bright	'General One - Freedom Trail Studio.mp3'
Bright	'Global - Emmit Fenn.mp3'
Bright	'Go Go Gadget Rockstar - The Whole Other.mp3'
Bright	'Greaser - TrackTribe.mp3'
Bright	'Greedy - Patrick Patrikios.mp3'
Bright	'Green Green Garden - Chris Haugen.mp3'
Bright	'Grut - Patrick Patrikios.mp3'
Bright	'Headphones - RKVC.mp3'
Bright	'High Life - The Mini Vandals featuring Mamadou Koita and Lasso.mp3'
Bright	'Home - JHS Pedals.mp3'
Bright	'Honey - Corbyn Kites.mp3'
Bright	'Housin - Yung Logos.mp3'
Bright	'In the Garden - Godmode.mp3'
Bright	'Inevitable Hope - RKVC.mp3'
Bright	"It's Almost Over - SefChol.mp3"
Bright	'Juneberry Junction - Chris Haugen.mp3'
Bright	'Just Dance - Patrick Patrikios.mp3'
Bright	'KnockOut - TrackTribe.mp3'
Bright	'Kuku - The Mini Vandals featuring Mamadou Koita and Lasso.mp3'
Bright	'Light and Air - White Hex.mp3'
Bright	'Lilac Skies - Corbyn Kites.mp3'
Bright	'Love Aside - Patrick Patrikios.mp3'
Bright	'Melting Sands - ELPHNT.mp3'
Bright	'Miss You Love - Patiño.mp3'
Bright	'Missive - Andrew Langdon.mp3'
Bright	'Mongrel Dance - Dan Bodan.mp3'
Bright	'Morpho Diana - Rachel K Collier.mp3'
Bright	'Muffin Man - Cooper Cannell.mp3'
Bright	'My Achy Heart - Audio Hertz.mp3'
Bright	'New Day - JHS Pedals.mp3'
Bright	'New Morning - TrackTribe.mp3'
Bright	'New Year - Bad Snacks.mp3'
Bright	'No Clarity - Stayloose.mp3'
Bright	'No Favours - Patrick Patrikios.mp3'
Bright	'Nobody Home - Dyalla.mp3'
Bright	"Od Yishama - E's Jammy Jams.mp3"
Bright	'One Night Away - Patrick Patrikios.mp3'
Bright	'Out On My Skateboard - Mini Vandals.mp3'
Bright	'Pale Rider Blues - Mini Vandals.mp3'
Bright	'Perihelion - Cooper Cannell.mp3'
Bright	'Pinions - Freedom Trail Studio.mp3'
Bright	'Pink Sunrise - The Great North Sound Society.mp3'
Bright	'Pluck It Up - Dan Henig.mp3'
Bright	'Positive Fuse - French Fuse.mp3'
Bright	'Psyche - Dyalla.mp3'
Bright	'Reconnaissance - Density & Time.mp3'
Bright	'River Blues - TrackTribe.mp3'
Bright	'Rolling Heads - Unicorn Heads.mp3'
Bright	'Royal - Slenderbeats.mp3'
Bright	'Running Back 2U - Stayloose.mp3'
Bright	'Russian Dance - Joey Pecoraro.mp3'
Bright	"Sailor's Song - Joel Cummins.mp3"
Bright	'Satisfaction Guaranteed - Dan Lebowitz.mp3'
Bright	'Shine Your Little Light - Mini Vandals.mp3'
Bright	'Simpler Times - The 126ers.mp3'
Bright	"Smokey's Lounge - TrackTribe.mp3"
Bright	'So Long Analog - Noir Et Blanc Vie.mp3'
Bright	'South Street Strut - The Great North Sound Society.mp3'
Bright	'Sprightly Pursuit - Cooper Cannell.mp3'
Bright	'Spring Field - Godmode.mp3'
Bright	'Stasis - TrackTribe.mp3'
Bright	'Stellar Wind - Unicorn Heads.mp3'
Bright	'Straight Fuse - French Fuse.mp3'
Bright	'Submarine - Dyalla.mp3'
Bright	'Sun Machine One - Loopop.mp3'
Bright	"The Plan's Working - Cooper Cannell.mp3"
Bright	'The Slow Rabbit - Nat Keefe & Hot Buttered Rum.mp3'
Bright	'This is Not Background Music - True Cuckoo.mp3'
Bright	'This is Not Jazz - True Cuckoo.mp3'
Bright	'To Ponder - Godmode.mp3'
Bright	'Touch - Patrick Patrikios.mp3'
Bright	'Trickling Up - Godmode.mp3'
Bright	'Triumph on the Prairie - Trevor Garrod.mp3'
Bright	'Try To Catch Me - Reed Mathis.mp3'
Bright	'Vampire - Emmit Fenn.mp3'
Bright	'When All of This is Over - The Westerlies.mp3'
Bright	'World War Blues - Mini Vandals.mp3'
Bright	'Yah Yah - josh pan.mp3'
Bright	'You Are The Only - TrackTribe.mp3'
Calm	"A Fool's Theme - Brian Bolger.mp3"
Calm	'A Stranger Thing - Bruno E..mp3'
Calm	'Amber - VYEN.mp3'
Calm	'Ammil - The Tides.mp3'
Calm	'Another Breath - Futuremono.mp3'
Calm	'Any Thing You Can Dream - The Whole Other.mp3'
Calm	'As You Prevent Do - pATCHES.mp3'
Calm	'Attraction - Density & Time.mp3'
Calm	'Autumn Wind - Dyalla.mp3'
Calm	"Calcutta Sunset - E's Jammy Jams.mp3"
Calm	'Calmity - Yung Logos.mp3'
Calm	'Campfire - Telecasted.mp3'
Calm	'Checkmate - Nathan Moore.mp3'
Calm	'Cocktail Hour - Aaron Kenny.mp3'
Calm	'Cold Blue - Astron.mp3'
Calm	'Come With Us - Nat Keefe & Hot Buttered Rum.mp3'
Calm	'Cosmic Drift - DivKid.mp3'
Calm	'Cumbia City - An Jone.mp3'
Calm	'Day from the Desert - Trevor Garrod.mp3'
Calm	'Dolphin-esque - Godmode.mp3'
Calm	'Dream Escape - The Tides.mp3'
Calm	'Dreamland - Aakash Gandhi.mp3'
Calm	'Drifting at 432 Hz - Unicorn Heads.mp3'
Calm	'Drown Me Out - VYEN.mp3'
Calm	'Easy Seas - Chris Haugen.mp3'
Calm	"Erev Shel Shoshanim - E's Jammy Jams.mp3"
Calm	'Eternal Garden - Dan Henig.mp3'
Calm	'Everything Where it Needs to Be - Nat Keefe & Hot Buttered Rum.mp3'
Calm	'Falling in Slow Motion - RKVC.mp3'
Calm	'First Dream - Brian Bolger.mp3'
Calm	'Float - Geographer.mp3'
Calm	'Focus Object - Jeremy Korpas.mp3'
Calm	'Forgiven Fate - Dan Lebowitz.mp3'
Calm	'Fractal of Light - Chris Haugen.mp3'
Calm	'Future King of Heaven - Zachariah Hickman.mp3'
Calm	'FynestLyk - Noir Et Blanc Vie.mp3'
Calm	"Gamela - E's Jammy Jams.mp3"
Calm	'Glacier - Chris Haugen.mp3'
Calm	'Glacier - Patrick Patrikios.mp3'
Calm	'Glitchin’ a Ride - The Whole Other.mp3'
Calm	'Growing Space - Astron.mp3'
Calm	'Hulu Ukulele - Chris Haugen.mp3'
Calm	'Humble Proofreading - pATCHES.mp3'
Calm	'I'\''ll Follow You - Density & Time.mp3'
Calm	'In 3 - Godmode.mp3'
Calm	'In Memory of Jean Talon - Mini Vandals.mp3'
Calm	'In Memory of Jean Talon - The Mini Vandals.mp3'
Calm	'In the Temple Garden - Aaron Kenny.mp3'
Calm	'Intelligentsia - Godmode.mp3'
Calm	'Interplanetary Alignment - NoMBe.mp3'
Calm	'Interstellar Mood - Nico Staf.mp3'
Calm	'Kick It - Yung Logos.mp3'
Calm	'Lens - Bobby Richards.mp3'
Calm	'Letter To Natalie - The Great North Sound Society.mp3'
Calm	'Lights - Patrick Patrikios.mp3'
Calm	'Lord Of The Dawn - Jesse Gallagher.mp3'
Calm	'Lost & Found - Dan Lebowitz.mp3'
Calm	'Magnetic Lullaby - Amulets.mp3'
Calm	'Meeka - Steve Adams.mp3'
Calm	'Moonrise - Futuremono.mp3'
Calm	'Nebular Focus - Dan Henig.mp3'
Calm	'Ngoni - The Mini Vandals featuring Mamadou Koita and Lasso.mp3'
Calm	'Nineties Pad - Brian Bolger.mp3'
Calm	'No.7 Alone With My Thoughts - Esther Abrami.mp3'
Calm	'Oman Groomer - Mini Vandals.mp3'
Calm	'Oman Groomer - The Mini Vandals.mp3'
Calm	'On the Island - Godmode.mp3'
Calm	'Outlaw'\''s Farewell (part I) - Reed Mathis.mp3'
Calm	'Outlaw'\''s Farewell (part II) - Reed Mathis.mp3'
Calm	'Papov - Yung Logos.mp3'
Calm	'Pastorale - Joel Cummins.mp3'
Calm	'Peaceful Mind - Astron.mp3'
Calm	'Peacefully - E'\''s Jammy Jams (1).mp3'
Calm	"Peacefully - E's Jammy Jams.mp3"
Calm	'Pure Potentiality - Benjamin Martins.mp3'
Calm	'QuangerineCream - Noir Et Blanc Vie.mp3'
Calm	'Relaxer - The Grand Affair.mp3'
Calm	'Run Letting - pATCHES.mp3'
Calm	'Sailing - Telecasted.mp3'
Calm	'Seaside Piazza - Aaron Kenny.mp3'
Calm	'Seasons - Telecasted.mp3'
Calm	'Seclusion - The Tides.mp3'
Calm	"Seventh Heaven - E's Jammy Jams.mp3"
Calm	'Simple - Patrick Patrikios.mp3'
Calm	"Sleepy Hollow - E's Jammy Jams.mp3"
Calm	'Smooth and Cool - Nico Staf.mp3'
Calm	'Somnia I - Reed Mathis.mp3'
Calm	'Somnia II - Reed Mathis.mp3'
Calm	'Somnia III - Reed Mathis.mp3'
Calm	'Spenta Mainyu - Jesse Gallagher.mp3'
Calm	'Spirit of Fire - Jesse Gallagher.mp3'
Calm	'State Drive - VYEN.mp3'
Calm	'Stillness - Futuremono.mp3'
Calm	'Sunrise in Paris - Dan Henig.mp3'
Calm	'Sunset n Beachz - Ofshane.mp3'
Calm	'Sunshine on Sand - Unicorn Heads.mp3'
Calm	'Sweet Release - Dan Lebowitz.mp3'
Calm	'Take Your Time - Dan Lebowitz.mp3'
Calm	'The Blue Pearl - Jesse Gallagher.mp3'
Calm	'The Inner Sound - Jesse Gallagher.mp3'
Calm	'The Joy Definitive - pATCHES.mp3'
Calm	'The Sleeping Prophet - Jesse Gallagher.mp3'
Calm	'Thin Places - Jesse Gallagher.mp3'
Calm	'This is Not the End - True Cuckoo.mp3'
Calm	"Three Wise People - E's Jammy Jams.mp3"
Calm	'Tratak - Jesse Gallagher.mp3'
Calm	'Trudging Along - Godmode.mp3'
Calm	'TrueArtRealAffectionPart4 - Noir Et Blanc Vie.mp3'
Calm	'Two Moons - Bobby Richards.mp3'
Calm	'Underwater Exploration - Godmode.mp3'
Calm	'Venkatesananda - Jesse Gallagher.mp3'
Calm	'Verve - Benjamin Martins.mp3'
Calm	'Vital Whales - Unicorn Heads.mp3'
Calm	'Walk into Paradise - Carmen María and Edu Espinal.mp3'
Calm	'Walking in the Sky - Nico Staf.mp3'
Calm	'Wehrmut - Godmode.mp3'
Calm	'When the Ash Settles - The Westerlies.mp3'
Calm	"Whispering Stream - E's Jammy Jams.mp3"
Calm	'Yoga Style - Chris Haugen.mp3'
Calm	'Zodiac Structures - NoMBe.mp3'
Dark	'19th Floor - Bobby Richards.mp3'
Dark	'A Call Is Upon Us - The 126ers.mp3'
Dark	'A Hand In The Dark - Underbelly & Ty Mayer.mp3'
Dark	'Anomalous Hedges - Mini Vandals.mp3'
Dark	'Anomalous Hedges - The Mini Vandals.mp3'
Dark	'Argonne - Zachariah Hickman.mp3'
Dark	'Awful - josh pan.mp3'
Dark	'Bach Cello Suite No. 1, G Major, Prelude - Cooper Cannell.mp3'
Dark	'Back To The Future - Ofshane.mp3'
Dark	'Backwoods BBQ - Chris Haugen.mp3'
Dark	'Basa Basa Beat - Nana Kwabena.mp3'
Dark	'Beatbox Lighter - Kwon.mp3'
Dark	'Beside Me - Patrick Patrikios.mp3'
Dark	'Bird Food - DJ Freedem.mp3'
Dark	'Black Mass - Brian Bolger.mp3'
Dark	'Blacksmith - Godmode.mp3'
Dark	'Blue Mood - Robert Munzinger.mp3'
Dark	'Born a Rockstar - NEFFEX.mp3'
Dark	'Born a Rockstar (Instrumental) - NEFFEX.mp3'
Dark	'Breatha - josh pan.mp3'
Dark	'Cattle - Telecasted.mp3'
Dark	'Cold Water - Patrick Patrikios.mp3'
Dark	'Come Vibe With Me - Patrick Patrikios.mp3'
Dark	'Coryphee A La Seconde - NoMBe.mp3'
Dark	'Cottonmouth Strut - The Whole Other.mp3'
Dark	'Crystal Towers of the Moon - Jesse Gallagher.mp3'
Dark	'Dangerous Toys - SefChol.mp3'
Dark	'Dark Side - Patrick Patrikios.mp3'
Dark	'Dead Forest - Brian Bolger.mp3'
Dark	'Devious Little Smile - Godmode.mp3'
Dark	'Duh Fuse - French Fuse.mp3'
Dark	'El Secreto - Yung Logos.mp3'
Dark	'Empire Seasons - Dan Henig.mp3'
Dark	'Escapism - Yung Logos.mp3'
Dark	'Everywhere You Know - Jeremy Black.mp3'
Dark	'False Morel - Trevor Garrod.mp3'
Dark	'Fat Man - Yung Logos.mp3'
Dark	'Finding Synergy - Jeremy Korpas.mp3'
Dark	'Firestarter - Jeremy Black.mp3'
Dark	'Ginormous Robots - Nathan Moore.mp3'
Dark	'Goestories - Noir Et Blanc Vie.mp3'
Dark	'Groove Tube - Audio Hertz.mp3'
Dark	'Half Measures - Craig MacArthur.mp3'
Dark	'Higher Powered - Audio Hertz.mp3'
Dark	'Hop Hip - Kwon.mp3'
Dark	'Hostile Planet - Quincas Moreira.mp3'
Dark	'Imagine A New Darker You - The Tower of Light.mp3'
Dark	'In Five Straight Rows - Mini Vandals.mp3'
Dark	'In The Void - Amulets.mp3'
Dark	'Infiltration Device - Craig MacArthur.mp3'
Dark	'Intellect - Yung Logos.mp3'
Dark	'Joker - Causmic.mp3'
Dark	'Journey to the Past - Carmen María and Edu Espinal.mp3'
Dark	'Juice - Jeremy Black.mp3'
Dark	'Knowpe - Noir Et Blanc Vie.mp3'
Dark	'Kreuzberg Nights - Futuremono.mp3'
Dark	'Kurt - Cheel.mp3'
Dark	'Lexikon - Dan Bodan.mp3'
Dark	'Maestro Tlakaelel - Jesse Gallagher.mp3'
Dark	'Metro - Yung Logos.mp3'
Dark	'Mirror Mirror - Audio Hertz.mp3'
Dark	'Moorland - Underbelly & Ty Mayer.mp3'
Dark	'Mysterious Strange Things - Yung Logos.mp3'
Dark	'Nightmares Inn - RKVC.mp3'
Dark	'No.8 Requiem - Esther Abrami.mp3'
Dark	'Nocturnally - Amulets.mp3'
Dark	'Outta Time - RKVC.mp3'
Dark	'Patterns Of Sadness - Jeremy Korpas.mp3'
Dark	'Phrase Prant - josh pan.mp3'
Dark	'Piano Trap Beethoven - josh pan.mp3'
Dark	"Please Don't Go - Jeremy Black.mp3"
Dark	'Polymetric Juggling - DivKid.mp3'
Dark	'Project - Patrick Patrikios.mp3'
Dark	'Rage - The 126ers.mp3'
Dark	'Resolver - Amulets.mp3'
Dark	'Rewired - The Whole Other.mp3'
Dark	'River City - DJ Williams.mp3'
Dark	'Rockville - Patrick Patrikios.mp3'
Dark	'Same Time - Spence.mp3'
Dark	'Savior Search - DJ Freedem.mp3'
Dark	'Say Yeah! - Jeremy Korpas.mp3'
Dark	'Secret Job - Godmode.mp3'
Dark	'Sloppy Clav - Godmode.mp3'
Dark	'Slow Burn - Corbyn Kites.mp3'
Dark	'Something is Going On - Godmode.mp3'
Dark	'Space Age Hustle - Squadda B.mp3'
Dark	'Stained Moonboots - NoMBe.mp3'
Dark	'Street Rhapsody - DJ Freedem.mp3'
Dark	'Superfuzz Grind - Jeremy Korpas.mp3'
Dark	'Swoop141 - Kwon.mp3'
Dark	'Tak - Bobby Richards.mp3'
Dark	'Take the Hill - The Whole Other.mp3'
Dark	'Tangled - Emmit Fenn.mp3'
Dark	'Ten Inch Spikes - Jeremy Korpas.mp3'
Dark	'That One Bar Scene - RKVC.mp3'
Dark	'The Beacon - Zachariah Hickman.mp3'
Dark	'The Bone Train - Slynk.mp3'
Dark	'The Colonel - Zachariah Hickman.mp3'
Dark	'The Darkest Path - Jeremy Korpas.mp3'
Dark	"The Emperor's New Nikes - DJ Williams.mp3"
Dark	'The Itch - NEFFEX.mp3'
Dark	'The Itch (Instrumental) - NEFFEX.mp3'
Dark	'The New Darker You - The Tower of Light.mp3'
Dark	'The Sewars - Jeremy Korpas.mp3'
Dark	'The Six Realms - I Think I Can Help You.mp3'
Dark	'Thunder - Telecasted.mp3'
Dark	'Time to Spare - An Jone.mp3'
Dark	'Toddler Band - Godmode.mp3'
Dark	'Tubby Dub - Quincas Moreira.mp3'
Dark	'Two Face - Causmic.mp3'
Dark	'Under The Rug - Density & Time.mp3'
Dark	'Valley of Spies - The Whole Other.mp3'
Dark	'Violet Vape - Cheel.mp3'
Dark	'Vishnu - Patrick Patrikios.mp3'
Dark	'Voices - Patrick Patrikios.mp3'
Dark	'Voices in My Head - Quincas Moreira.mp3'
Dark	'Watch Your Back - Jeremy Black.mp3'
Dark	'Water Truck - Trevor Garrod.mp3'
Dark	'Whole Tone Limbo - Godmode.mp3'
Dark	'Wide Boys - Underbelly & Ty Mayer.mp3'
Dramatic	'100 Degrees Under - RAGE.mp3'
Dramatic	'2020 - Dyalla.mp3'
Dramatic	'A Baroque Letter - Aaron Kenny.mp3'
Dramatic	'Across The Pier - VYEN.mp3'
Dramatic	'Addict - NEFFEX.mp3'
Dramatic	'Addict (Instrumental) - NEFFEX.mp3'
Dramatic	'All This Useless Beauty - Jeremy Black.mp3'
Dramatic	'Anitmatter - The Westerlies.mp3'
Dramatic	'Average - Patrick Patrikios.mp3'
Dramatic	"Baym Rebin in Palestina - E's Jammy Jams.mp3"
Dramatic	'Bella Bella Beat - Nana Kwabena.mp3'
Dramatic	'Best Horizon, Gone - The Westerlies.mp3'
Dramatic	'Blast From The Past - Jeremy Black.mp3'
Dramatic	'Book The Rental Wit It - RAGE.mp3'
Dramatic	'Bourree - Joel Cummins.mp3'
Dramatic	'BSC State of Mind - Squadda B.mp3'
Dramatic	'Castlevania - Density & Time.mp3'
Dramatic	'Cavemen of the Future - Joel Cummins, Andy Farag.mp3'
Dramatic	'Climbing - Reed Mathis.mp3'
Dramatic	'Commander Impulse - DivKid.mp3'
Dramatic	'Cooler Heads - Jeremy Black.mp3'
Dramatic	'Creep - Emmit Fenn.mp3'
Dramatic	'Creeping Spiders - Nat Keefe & BeatMower.mp3'
Dramatic	'Dakar Flow - Carmen María and Edu Espinal.mp3'
Dramatic	'Dance of the Mammoths - The Whole Other.mp3'
Dramatic	'Day Sparkles - Geographer.mp3'
Dramatic	'Deep State - Vans in Japan.mp3'
Dramatic	'Digifunk - DivKid.mp3'
Dramatic	'Dimished Returns - Jeremy Korpas.mp3'
Dramatic	'Doctor Momentum - Slynk.mp3'
Dramatic	'Donnie Disco - Jeremy Korpas.mp3'
Dramatic	'Dragón Rojo - Mini Vandals.mp3'
Dramatic	'Dragón Rojo - The Mini Vandals.mp3'
Dramatic	'Drone Home - Jeremy Black.mp3'
Dramatic	'Drum Meditation - Jeremy Black.mp3'
Dramatic	'Early Avril - Unicorn Heads.mp3'
Dramatic	'Earth Appears - Brian Bolger.mp3'
Dramatic	'Electrician - Jeremy Black.mp3'
Dramatic	'Evergreen - Geographer.mp3'
Dramatic	'Familiar Things - The Whole Other.mp3'
Dramatic	'Fast Times - Quincas Moreira.mp3'
Dramatic	'Feels - Patrick Patrikios.mp3'
Dramatic	'Find Me Here - Patrick Patrikios.mp3'
Dramatic	'Forever - Anno Domini Beats.mp3'
Dramatic	'Forget Me Not - Patrick Patrikios.mp3'
Dramatic	'Forging Stormbreaker - The Whole Other.mp3'
Dramatic	"Frailach 1 - E's Jammy Jams.mp3"
Dramatic	'Go on the Go - Chris Haugen.mp3'
Dramatic	"Hava Nagila - E's Jammy Jams.mp3"
Dramatic	'Heartbeat - Godmode.mp3'
Dramatic	'Help Me, OP-1 - Dyalla.mp3'
Dramatic	'Hypnosis - Godmode.mp3'
Dramatic	'Imperial Forces - Aaron Kenny.mp3'
Dramatic	'Impertinence - Joel Cummins.mp3'
Dramatic	'Invisible Enemy - Jeremy Black.mp3'
Dramatic	'Island Woke - Freedom Trail Studio.mp3'
Dramatic	'June - Bobby Richards.mp3'
Dramatic	'Land of the RetroOnes - RAGE.mp3'
Dramatic	'Late Night Drive - Nat Keefe & BeatMower.mp3'
Dramatic	'Lofi Mallet - Kwon.mp3'
Dramatic	'Looping Ascent - Joel Cummins.mp3'
Dramatic	'Love and Marriage - Jeremy Black.mp3'
Dramatic	'Love In Quarantine - Jeremy Black.mp3'
Dramatic	'Medieval Astrology - Underbelly & Ty Mayer.mp3'
Dramatic	'Metaheuristic - Freedom Trail Studio.mp3'
Dramatic	'Modern Situations - Unicorn Heads.mp3'
Dramatic	'Moon Rock - Nathan Moore.mp3'
Dramatic	'More Better - Jeremy Korpas (1).mp3'
Dramatic	'More Better - Jeremy Korpas.mp3'
Dramatic	"Natasha's Fall - The Whole Other.mp3"
Dramatic	'New Horizons - Futuremono.mp3'
Dramatic	'On Foot - Underbelly & Ty Mayer.mp3'
Dramatic	'On Your Left - The Whole Other.mp3'
Dramatic	'Once Was - Kwon.mp3'
Dramatic	'Orbiting Knowhere - The Whole Other.mp3'
Dramatic	'Outside the Universe - Joel Cummins, Kris Myers, Andy Farag.mp3'
Dramatic	'Overdrive - Corbyn Kites.mp3'
Dramatic	'Pan Pizza - Patiño.mp3'
Dramatic	"Pan's Labyrinth - josh pan.mp3"
Dramatic	'Planetary Paths - Joel Cummins, Andy Farag.mp3'
Dramatic	'Pouring Out - Asher Fulero.mp3'
Dramatic	'Prism - Bobby Richards.mp3'
Dramatic	'Reset - VYEN.mp3'
Dramatic	'Resolve - Joel Cummins.mp3'
Dramatic	'Rest Easy - Vans in Japan.mp3'
Dramatic	'Robots and Aliens - Joel Cummins.mp3'
Dramatic	'Russian River - Dan Henig.mp3'
Dramatic	'Sarabande - Joel Cummins.mp3'
Dramatic	'Shadoma - Mini Vandals.mp3'
Dramatic	'Shadoma - The Mini Vandals.mp3'
Dramatic	'Shrutie Pie - Zachariah Hickman.mp3'
Dramatic	'Smile - Slynk.mp3'
Dramatic	'Smokey Eye - Cheel.mp3'
Dramatic	'Sonic Pogo - Vans in Japan.mp3'
Dramatic	'Sonora - Quincas Moreira.mp3'
Dramatic	'Spy vs Spy - DJ Williams.mp3'
Dramatic	'Stark Goes Dark - The Whole Other.mp3'
Dramatic	'Stars Align - The 126ers.mp3'
Dramatic	'Stoner Things - Patiño.mp3'
Dramatic	'Stranger In the Way - RAGE.mp3'
Dramatic	'Swells - Underbelly & Ty Mayer.mp3'
Dramatic	'Switched on Carcassi - Brian Bolger.mp3'
Dramatic	'The Crows Did It - Nathan Moore.mp3'
Dramatic	'The Empty Moons of Jupiter - DivKid.mp3'
Dramatic	'The Future Ancient Now - Nathan Moore.mp3'
Dramatic	'The High Line - Causmic.mp3'
Dramatic	'The Milano Chase - The Whole Other.mp3'
Dramatic	'The Quantum Realm - The Whole Other.mp3'
Dramatic	'The Sound of a Dollar - DJ Williams.mp3'
Dramatic	'The Stoic and the Sailor - Unicorn Heads.mp3'
Dramatic	'To Have to in Least Water - pATCHES.mp3'
Dramatic	'To Pass Time - Godmode.mp3'
Dramatic	'Travel Nonstop - Squadda B.mp3'
Dramatic	'Trickle of Water - Underbelly & Ty Mayer.mp3'
Dramatic	'Turned to Dust - The Whole Other.mp3'
Dramatic	'Twilight Train - Dan Lebowitz.mp3'
Dramatic	'Up the Steps - Geographer.mp3'
Dramatic	'Wandering Soul - Asher Fulero.mp3'
Dramatic	'Wolf Moon - Unicorn Heads.mp3'
Dramatic	"Yismach Chatoni - E's Jammy Jams.mp3"
Funky	'Active Form - Chasms.mp3'
Funky	'Alley Cat - Geographer.mp3'
Funky	'Always the Same - SefChol.mp3'
Funky	'Awake - Emmit Fenn.mp3'
Funky	'Bar Crawl - TrackTribe.mp3'
Funky	'Bay Street Billionaires - Squadda B.mp3'
Funky	'Beginnings - Unicorn Heads.mp3'
Funky	'Beyond - TrackTribe.mp3'
Funky	'Bodélé Depression (Mega-Chad Mix) - Jesse Gallagher.mp3'
Funky	'Brass Orchid - Bobby Richards.mp3'
Funky	'Break Ur Legs - Verified Picasso.mp3'
Funky	'Break Your Lock and Key - Mini Vandals.mp3'
Funky	'Broadway - Josh Lippi & The Overtimers.mp3'
Funky	'Cage and Rand - The Whole Other.mp3'
Funky	'Calvin Harris - josh pan.mp3'
Funky	'Caribbean Hide & Seek - Carmen María and Edu Espinal.mp3'
Funky	'Cha Da Cup Riddim - Konrad OldMoney.mp3'
Funky	'Chunk - Quincas Moreira.mp3'
Funky	'Church of 8 Wheels - Otis McDonald.mp3'
Funky	'Circle Dance - SefChol.mp3'
Funky	'Cold Cracks Us - TrackTribe.mp3'
Funky	'Come Get With Us - TrackTribe.mp3'
Funky	'Complicate ya - Otis McDonald.mp3'
Funky	'Contender - TrackTribe.mp3'
Funky	'Country Thump - TrackTribe.mp3'
Funky	'Cover - Patrick Patrikios.mp3'
Funky	'Dance 4x - TrackTribe.mp3'
Funky	'Deep Mind - Jeremy Black.mp3'
Funky	'Disco Climax - An Jone.mp3'
Funky	'Dorris Day - DJ Williams.mp3'
Funky	'Down With Your Getup - Mini Vandals.mp3'
Funky	'Drive In - TrackTribe.mp3'
Funky	'Easy Shake - Geographer.mp3'
Funky	'Fallacy - Cxdy.mp3'
Funky	'Far The Ridden - Freedom Trail Studio.mp3'
Funky	'Feather Duster - Geographer.mp3'
Funky	'Fingerprint - Mini Vandals.mp3'
Funky	'Funky Space Princess - Dyalla.mp3'
Funky	'Gas Pedal - Diamond Ortiz.mp3'
Funky	'Giant - The Grand Affair.mp3'
Funky	'Grant & Green - Josh Lippi & The Overtimers.mp3'
Funky	'Groove with the Wu - Jesse Gallagher.mp3'
Funky	'Happy Feet - TrackTribe.mp3'
Funky	'Hello Mr. Princeton - Otis McDonald.mp3'
Funky	'Hi Q - Diamond Ortiz.mp3'
Funky	'Highway 5 - TrackTribe.mp3'
Funky	'Hip Bone - Quincas Moreira.mp3'
Funky	'I Have a Reservation - TrackTribe.mp3'
Funky	'Jazz Apricot - Joey Pecoraro.mp3'
Funky	'Jazz Mango - Joey Pecoraro.mp3'
Funky	'Just Breathing - NEFFEX.mp3'
Funky	'Kind of a Party - Mini Vandals.mp3'
Funky	'Know Myself - Patrick Patrikios.mp3'
Funky	'Love the Messenger - Freedom Trail Studio.mp3'
Funky	'Luge - Geographer.mp3'
Funky	'Lukewarm Hazy - Asher Fulero.mp3'
Funky	'Madam Wahala Beat - Nana Kwabena.mp3'
Funky	'Making Money - Jeremy Korpas.mp3'
Funky	'Meteor - Slenderbeats.mp3'
Funky	'Mirror Mind - Bobby Richards.mp3'
Funky	'Modern Time - An Jone.mp3'
Funky	'Monkeys Are Coming - Coyote Hearing.mp3'
Funky	'Muriel - Bobby Richards.mp3'
Funky	'Night on the Town - TrackTribe.mp3'
Funky	'Night Ride - Coyote Hearing.mp3'
Funky	'Night Sky - Reed Mathis.mp3'
Funky	'Night Time - Underbelly & Ty Mayer.mp3'
Funky	'Nilly Willy - Yung Logos.mp3'
Funky	'No Doubt - Yung Logos.mp3'
Funky	'Oh Fire - Carmen María and Edu Espinal.mp3'
Funky	'Peony Morning - TrackTribe.mp3'
Funky	'Polaroid Memories - DivKid.mp3'
Funky	'Pop Killer - The Mini Vandals.mp3'
Funky	'Poppin Off The Rip - RAGE.mp3'
Funky	'Poppy Seeds - TrackTribe.mp3'
Funky	'Pretty Boy - DJ Freedem.mp3'
Funky	'Price Check - Freedom Trail Studio.mp3'
Funky	'Randy Butternubs - Dyalla.mp3'
Funky	'Ready for Freddy - TrackTribe.mp3'
Funky	'Rebound - Odonis Odonis.mp3'
Funky	'Rich in the 80s - DivKid.mp3'
Funky	'Road Tripzzz - Ofshane.mp3'
Funky	'Rooster - Telecasted.mp3'
Funky	'Royale - Josh Lippi & The Overtimers.mp3'
Funky	'Running Errands - TrackTribe.mp3'
Funky	'Select - Patrick Patrikios.mp3'
Funky	"Six O'Clock Rush - TrackTribe.mp3"
Funky	'Slow Mo - Houses of Heaven.mp3'
Funky	'Smoke Jacket Blues - TrackTribe.mp3'
Funky	'Soft Knives - SefChol.mp3'
Funky	'Soul Food - Chris Haugen.mp3'
Funky	'Sour Apples - RAGE.mp3'
Funky	'Spectrum - TrackTribe.mp3'
Funky	'Staycation - Corbyn Kites.mp3'
Funky	"Stayin' Lazy - Godmode.mp3"
Funky	'Sudden Vision - Chasms.mp3'
Funky	'Synergy - Geographer.mp3'
Funky	'Take it Slow - SefChol.mp3'
Funky	'Taste - TrackTribe.mp3'
Funky	'Tempos Vari - Freedom Trail Studio.mp3'
Funky	'The Bywater - The Mini Vandals.mp3'
Funky	'The Gentlemen - DivKid.mp3'
Funky	'The Jigg Is Up - RAGE.mp3'
Funky	'Theatre Days - Slenderbeats.mp3'
Funky	'Then A Left Turn - Jeremy Korpas.mp3'
Funky	'This Or That - TrackTribe.mp3'
Funky	'Timeless - Slenderbeats.mp3'
Funky	'Toe Jam - Diamond Ortiz.mp3'
Funky	'Trekking - Density & Time.mp3'
Funky	'URL Melt - Unicorn Heads.mp3'
Funky	'Walk With Me - TrackTribe.mp3'
Funky	'We Made It - Reed Mathis.mp3'
Funky	'We Ride! - Reed Mathis.mp3'
Funky	'Wellington Coffee Shop - Dyalla.mp3'
Funky	'Where We Wanna Go - Patrick Patrikios.mp3'
Funky	'Where_ - R.LUM.R.mp3'
Funky	'Who Do You Think I Think You Are_ - Mini Vandals.mp3'
Funky	"Who's Using Who_ - The Mini Vandals.mp3"
Funky	'Would it Kill You_ - Mini Vandals.mp3'
Funky	'You Should - Patrick Patrikios.mp3'
Happy	'(I'\''ve Got A) Baby Sister - Reed Mathis.mp3'
Happy	'A Year Ago - NEFFEX.mp3'
Happy	'A Year Ago (Instrumental) - NEFFEX.mp3'
Happy	'Across the Savannah - Aaron Kenny.mp3'
Happy	'All the Fixings - Zachariah Hickman.mp3'
Happy	'Alpine Bierhalle - Aaron Kenny.mp3'
Happy	'AnaCaptainslogue - Noir Et Blanc Vie.mp3'
Happy	'Apolllo - Patrick Patrikios.mp3'
Happy	'Arkansas Traveler - Nat Keefe & Hot Buttered Rum.mp3'
Happy	'Believe - NEFFEX.mp3'
Happy	'Believe (Instrumental) - NEFFEX.mp3'
Happy	'Benji - Dyalla.mp3'
Happy	'Birthday Cake - Reed Mathis.mp3'
Happy	'Bit Symphony - roljui.mp3'
Happy	'Bonfire - An Jone.mp3'
Happy	'By the Fireplace - TrackTribe.mp3'
Happy	"Calimba - E's Jammy Jams.mp3"
Happy	'Chocolate Cookie Jam - An Jone.mp3'
Happy	'Classique - Francis Preve.mp3'
Happy	'Cocktails - Underbelly & Ty Mayer.mp3'
Happy	'Communicator - Reed Mathis.mp3'
Happy	'Corndogs in Santa Monica - The Great North Sound Society.mp3'
Happy	'Creek Whistle - Steve Adams.mp3'
Happy	'Denver Avenue - Reed Mathis.mp3'
Happy	'Der König - Jeremy Black.mp3'
Happy	'Divine Life Society - Jesse Gallagher.mp3'
Happy	"Don't Wanna Be - Kwon.mp3"
Happy	'Don'\''t Wanna Let Myself Down (Instrumental) - NEFFEX.mp3'
Happy	'Dover - The Westerlies.mp3'
Happy	'Dreaming On - NEFFEX.mp3'
Happy	'Dreaming On (Instrumental) - NEFFEX.mp3'
Happy	'Dusty Rhymes - Freedom Trail Studio.mp3'
Happy	'Early Oceans - Freedom Trail Studio.mp3'
Happy	'Earth Bound - Slynk.mp3'
Happy	'Et Voila - Chris Haugen.mp3'
Happy	'Fanta Mankane - The Mini Vandals featuring Mamadou Koita and Lasso.mp3'
Happy	'Festivities in Belize - RAGE.mp3'
Happy	'Fiesta de la Vida - Aaron Kenny.mp3'
Happy	'First Of 3 - Jeremy Black.mp3'
Happy	'Fly High - Jeremy Black.mp3'
Happy	'Foyf - NEFFEX.mp3'
Happy	'Foyf (Instrumental) - NEFFEX.mp3'
Happy	'Friday Fugue - Trevor Garrod.mp3'
Happy	'Fun in the Sun - Chris Haugen.mp3'
Happy	'Gold in Them Hills - Nathan Moore.mp3'
Happy	'Good Morning! - Reed Mathis.mp3'
Happy	'Gunpowder Tea - Mini Vandals.mp3'
Happy	'Homer Said - Dyalla.mp3'
Happy	"How's It Supposed to Feel - NEFFEX.mp3"
Happy	'How'\''s It Supposed to Feel (Clean) - NEFFEX.mp3'
Happy	"Hustlin' - NEFFEX.mp3"
Happy	'Hustlin'\'' (Instrumental) - NEFFEX.mp3'
Happy	'I Just Wanna Be Great - NEFFEX.mp3'
Happy	'In the Sweet By and By - Zachariah Hickman.mp3'
Happy	'Inspired - NEFFEX.mp3'
Happy	'Inspired (Clean) - NEFFEX.mp3'
Happy	'Inspired (Instrumental) - NEFFEX.mp3'
Happy	'Jah Jah Bangs - Quincas Moreira.mp3'
Happy	'Kazoom - Quincas Moreira.mp3'
Happy	'Keep It 98 Plus 2 - RAGE.mp3'
Happy	'King Porter Stomp - Joel Cummins.mp3'
Happy	'Life After Death - DJ Freedem.mp3'
Happy	'Make Love Not War - Patiño.mp3'
Happy	'Mama - Emmit Fenn.mp3'
Happy	'Meet & Fun! - Ofshane.mp3'
Happy	'Modern Attempt - TrackTribe.mp3'
Happy	'Momo Do - The Mini Vandals featuring Mamadou Koita and Lasso.mp3'
Happy	'MydNyte - Noir Et Blanc Vie.mp3'
Happy	'Night Run Away - An Jone.mp3'
Happy	'No Starlight Dey Beat - Nana Kwabena.mp3'
Happy	'No.3 Morning Folk Song - Esther Abrami.mp3'
Happy	'No.9_Esther’s Waltz - Esther Abrami.mp3'
Happy	'One Time - Jeremy Black.mp3'
Happy	'Outside the Box - Patrick Patrikios.mp3'
Happy	'Palm Avenue - Freedom Trail Studio.mp3'
Happy	'Patience - Dyalla.mp3'
Happy	'Pine Street - Reed Mathis.mp3'
Happy	'Playdate - The Great North Sound Society.mp3'
Happy	'Play-Doh meets Dora - Carmen María and Edu Espinal.mp3'
Happy	'Pluckandplay - Kwon.mp3'
Happy	'Ponte de Abril - Steve Adams.mp3'
Happy	'Potato Deal - Craig MacArthur.mp3'
Happy	"Ratatouille's Kitchen - Carmen María and Edu Espinal.mp3"
Happy	'Ready or Not - Trevor Garrod.mp3'
Happy	'Revenge Body Beat - Nana Kwabena.mp3'
Happy	'RhythmOrganyzer - Noir Et Blanc Vie.mp3'
Happy	'Salt Creek - Nat Keefe & Hot Buttered Rum.mp3'
Happy	'She No Dull Beat - Nana Kwabena.mp3'
Happy	'Something You Could Never Own - NEFFEX.mp3'
Happy	'Something You Could Never Own (Instrumental) - NEFFEX.mp3'
Happy	'Sonatina No 2 in F Major Allegro - Joel Cummins.mp3'
Happy	'Sonatina No 2 in F Major Rondo - Joel Cummins.mp3'
Happy	'St. Anne'\''s Reel - Nat Keefe & Hot Buttered Rum.mp3'
Happy	'Stairway - Patrick Patrikios.mp3'
Happy	'Stinson - Reed Mathis.mp3'
Happy	'Summer in Colombia - Carmen María and Edu Espinal.mp3'
Happy	'Sunny Travel - Nico Staf.mp3'
Happy	'Sunshine - Telecasted.mp3'
Happy	'Sweet Relief - Zachariah Hickman.mp3'
Happy	'Take Me Down To The Fashion Show - NoMBe.mp3'
Happy	'That'\''s What It Takes (Clean) - NEFFEX.mp3'
Happy	'That'\''s What It Takes (Instrumental) - NEFFEX.mp3'
Happy	'The Closest Without Going Over - The Whole Other.mp3'
Happy	'The Joint is Jumpin - Joel Cummins.mp3'
Happy	'The Missing 11th - DJ Williams.mp3'
Happy	'This is Not a Christmas Song - NEFFEX.mp3'
Happy	"Til I Hear'em Say - NEFFEX.mp3"
Happy	'Til I Hear'\''em Say (Instrumental) - NEFFEX.mp3'
Happy	'Time Parade - Geographer.mp3'
Happy	'Timpani Beat - Nana Kwabena.mp3'
Happy	'Treat Yourself - Dyalla.mp3'
Happy	'Tropic - Anno Domini Beats.mp3'
Happy	'Two Sides - SefChol.mp3'
Happy	'Unstoppable - Spence.mp3'
Happy	'Vacation Song - Reed Mathis.mp3'
Happy	'We Bubbles - Freedom Trail Studio.mp3'
Happy	'Whip - Yung Logos.mp3'
Happy	'Winner Winner Funky Chicken Dinner - The Whole Other.mp3'
Happy	'Yard Of Pans - Freedom Trail Studio.mp3'
Happy	'Zameen - Movement of Earth - Aakash Gandhi.mp3'
Inspirational	'A Face in a Cloud - Nathan Moore.mp3'
Inspirational	'Airborne - Quincas Moreira.mp3'
Inspirational	'Alone - Emmit Fenn.mp3'
Inspirational	'Auckland - VYEN.mp3'
Inspirational	'Aviation - TrackTribe.mp3'
Inspirational	'Back To The Future Jellyfish - NoMBe.mp3'
Inspirational	'Beach Walk - Unicorn Heads.mp3'
Inspirational	'Behind My Back - RAGE.mp3'
Inspirational	'Better - Anno Domini Beats.mp3'
Inspirational	'Betya - Lauren Duski.mp3'
Inspirational	'Birds - Corbyn Kites.mp3'
Inspirational	'Blackest Crow - TrackTribe.mp3'
Inspirational	'Blurry Vision - Corbyn Kites.mp3'
Inspirational	'Can I Tell You a Secret_ - TrackTribe.mp3'
Inspirational	'Case Study - TrackTribe.mp3'
Inspirational	'Chef Brian - LATASHÁ.mp3'
Inspirational	'Chimez - Dan Henig.mp3'
Inspirational	'Coastline - TrackTribe.mp3'
Inspirational	'Consciousness Rabbit - pATCHES.mp3'
Inspirational	'Covid Come Not Near - Nat Keefe & Hot Buttered Rum.mp3'
Inspirational	'Crops - Telecasted.mp3'
Inspirational	'Crystalline - Amulets.mp3'
Inspirational	'Cutting It Close - DJ Freedem.mp3'
Inspirational	'Downpour - Patiño.mp3'
Inspirational	'Dream Lagoon - Chris Haugen.mp3'
Inspirational	'Dulcinea - Steve Adams.mp3'
Inspirational	"Ellie's Home Stretch - The Great North Sound Society.mp3"
Inspirational	'Farmhands - TrackTribe.mp3'
Inspirational	'Flight To Tunisia - Causmic.mp3'
Inspirational	'Follow Me - Andrew Langdon.mp3'
Inspirational	'For The Love Of - Stayloose.mp3'
Inspirational	'Fused - RKVC.mp3'
Inspirational	'Future Girl - RKVC.mp3'
Inspirational	'Getaway Powder - DJ Freedem.mp3'
Inspirational	'Girls Say - Coyote Hearing.mp3'
Inspirational	"Go Get 'Em Tiger - The Whole Other.mp3"
Inspirational	'Hard Times Come Again No More - The Westerlies.mp3'
Inspirational	"Hero's Ascent - Chris Haugen.mp3"
Inspirational	'Highway One - Steve Adams.mp3'
Inspirational	'Hopeful Freedom - Asher Fulero.mp3'
Inspirational	'Hovering Thoughts - Spence.mp3'
Inspirational	'I Found DB Cooper - Craig MacArthur.mp3'
Inspirational	'Into It - Kwon.mp3'
Inspirational	'Just Do It - RKVC.mp3'
Inspirational	'Karma Cat - Dyalla.mp3'
Inspirational	'Keep Going - Dyalla.mp3'
Inspirational	'Komorebi - Futuremono.mp3'
Inspirational	'Lands Unknown - Futuremono.mp3'
Inspirational	'Length of Light - Amulets.mp3'
Inspirational	'Let'\''s Do This! - Nat Keefe & Hot Buttered Rum.mp3'
Inspirational	'Lifelong - Anno Domini Beats.mp3'
Inspirational	'Lights Go Down - Dan Henig.mp3'
Inspirational	"Lily's Song - TrackTribe.mp3"
Inspirational	'Liquid Time - Aakash Gandhi.mp3'
Inspirational	'Lock - Jeremy Black.mp3'
Inspirational	'Look Around a Bit - pATCHES.mp3'
Inspirational	'Lost World - White Hex.mp3'
Inspirational	'Low Life High Life - Dan Henig.mp3'
Inspirational	'Lulu Is the Cat I Like Best - pATCHES.mp3'
Inspirational	'Midnight Sun - Dyalla.mp3'
Inspirational	'Mind Stream - Chris Haugen.mp3'
Inspirational	'Monogram - Patrick Patrikios.mp3'
Inspirational	'Monument - TrackTribe.mp3'
Inspirational	'Moons - Patrick Patrikios.mp3'
Inspirational	'Mosswood - Steve Adams.mp3'
Inspirational	'Motor Hums - The 126ers.mp3'
Inspirational	'Much Higher - Causmic.mp3'
Inspirational	'New Space Ship - Trevor Garrod.mp3'
Inspirational	'No.10 _A New Beginning - Esther Abrami.mp3'
Inspirational	'No.4 Piano Journey - Esther Abrami.mp3'
Inspirational	'Not Impossible - The 126ers.mp3'
Inspirational	'Now I Know - TrackTribe.mp3'
Inspirational	'Oceans, Rivers, Canyons - ELPHNT.mp3'
Inspirational	'Past Life - JVNA.mp3'
Inspirational	'Princess - Ramzoid.mp3'
Inspirational	'Prom - Coyote Hearing.mp3'
Inspirational	'Pure Magic - Chris Haugen.mp3'
Inspirational	'Remember September - Freedom Trail Studio.mp3'
Inspirational	"Rene's Song - Loopop.mp3"
Inspirational	'Retrograde - Spence.mp3'
Inspirational	'Sahara Desert - JAde Wii.mp3'
Inspirational	'Saucers Unaware - JAde Wii.mp3'
Inspirational	'Scary Island - Verified Picasso.mp3'
Inspirational	'See You On The Otherside - The 126ers.mp3'
Inspirational	'Seratonin from the Sun - RAGE.mp3'
Inspirational	'Shameless Life Wisdom Sendoff - pATCHES.mp3'
Inspirational	'Shasta - Trinity - Jesse Gallagher.mp3'
Inspirational	'Silky Smooth - Audio Hertz.mp3'
Inspirational	'Socialite Mugshot - Verified Picasso.mp3'
Inspirational	'Song of Sadhana - Jesse Gallagher.mp3'
Inspirational	'Soul Searching - Causmic.mp3'
Inspirational	'Spring Fling - TrackTribe.mp3'
Inspirational	'Spring Migration - The Great North Sound Society.mp3'
Inspirational	'Static - Ramzoid.mp3'
Inspirational	'Storms - Stayloose.mp3'
Inspirational	'Subharmonic Bliss - Loopop.mp3'
Inspirational	'Summer of 1984 - RKVC.mp3'
Inspirational	'Sunday - TrackTribe.mp3'
Inspirational	'Sunday Rain - Cheel.mp3'
Inspirational	'Survive the Montage - RKVC.mp3'
Inspirational	'Tea for Tat - Verified Picasso.mp3'
Inspirational	'The Call - TrackTribe.mp3'
Inspirational	'The Ten Names - I Think I Can Help You.mp3'
Inspirational	'This is Not a Dolphin - True Cuckoo.mp3'
Inspirational	"This Snow Doesn't - pATCHES.mp3"
Inspirational	"Today's Plan - DJ Freedem.mp3"
Inspirational	'Trinity - Jeremy Blake.mp3'
Inspirational	'Turtle Time - Verified Picasso.mp3'
Inspirational	'Twelve Speed - Slynk.mp3'
Inspirational	'Using Logic - Jeremy Korpas.mp3'
Inspirational	'Victim to Victor - RKVC.mp3'
Inspirational	'Vinyasa - Chris Haugen.mp3'
Inspirational	'Warships - The 126ers.mp3'
Inspirational	'Watch It - TrackTribe.mp3'
Inspirational	'We March Together - Patrick Patrikios.mp3'
Inspirational	'What Is Performance And What Is Not - pATCHES.mp3'
Inspirational	'Where in Literally - pATCHES.mp3'
Inspirational	'Willy’s Sunny Side - The Whole Other.mp3'
Inspirational	'Wind Riders - Asher Fulero.mp3'
Inspirational	'Wonton - Ramzoid.mp3'
Romantic	'A Kiss For Amanda - DJ Williams.mp3'
Romantic	'Acoustic Symphony - Hanu Dixit.mp3'
Romantic	'Anton - Dan Bodan.mp3'
Romantic	'Arms of Heaven - Aakash Gandhi.mp3'
Romantic	'As We Go - The 126ers.mp3'
Romantic	'Austrian Army - United States Marine Band.mp3'
Romantic	'Beneath the Moonlight - Aaron Kenny.mp3'
Romantic	'Blue Dream - Cheel.mp3'
Romantic	'Bolereando - Quincas Moreira.mp3'
Romantic	'Calgary Hill - Silent Partner.mp3'
Romantic	'Carried - Lauren Duski.mp3'
Romantic	'Casablanca Caravan - Chris Haugen.mp3'
Romantic	'Clouded - Public Memory.mp3'
Romantic	'Concierge - ALBIS.mp3'
Romantic	'Connection - Wayne Jones.mp3'
Romantic	'Cuban Sandwich - Doug Maxwell_Media Right Productions.mp3'
Romantic	'Cycles - Density & Time.mp3'
Romantic	'Dancebroom Riddim - Konrad OldMoney.mp3'
Romantic	'Despite The Traffic - Wes Hutchinson.mp3'
Romantic	'Dinner for Two - SYBS.mp3'
Romantic	'Drops of Earth - Aakash Gandhi.mp3'
Romantic	'Dusty Tears - Silent Partner.mp3'
Romantic	'Electro Dollars - Rondo Brothers.mp3'
Romantic	'Equinox - Bad Snacks.mp3'
Romantic	'Erykah - Otis McDonald.mp3'
Romantic	'Family Tradition - Silent Partner.mp3'
Romantic	'Floating Home - Brian Bolger.mp3'
Romantic	"Forget Me Not - E's Jammy Jams.mp3"
Romantic	'Gaviota - Quincas Moreira.mp3'
Romantic	'Golden - Vibe Tracks.mp3'
Romantic	'Gypsy Stroll - Aaron Lieberman.mp3'
Romantic	'Heart Strings - Coyote Hearing.mp3'
Romantic	'Heavenly - Aakash Gandhi.mp3'
Romantic	'Hedge Your Bets - TrackTribe.mp3'
Romantic	'Her Owl Ring - Devon Church.mp3'
Romantic	'Hey Girl - Topher Mohr and Alex Elena.mp3'
Romantic	'Highway Wildflowers - Bird Creek.mp3'
Romantic	'Hollywood High - Silent Partner.mp3'
Romantic	'Holy Tension, Batman - Spazz Cardigan.mp3'
Romantic	'Home for the Holidays - TrackTribe.mp3'
Romantic	'Hurts So Good Blues - Unicorn Heads.mp3'
Romantic	'Intimate Tango - Doug Maxwell_Media Right Productions.mp3'
Romantic	'Ischia - The Mini Vandals.mp3'
Romantic	'Islabonita - An Jone.mp3'
Romantic	'It Devours - Chasms.mp3'
Romantic	'Jazz Piano Bar - Doug Maxwell_Media Right Productions.mp3'
Romantic	'Jazzeton - Quincas Moreira.mp3'
Romantic	"Jesse's Carnival Waltz - The Great North Sound Society.mp3"
Romantic	"Kate's Waltz - Bad Snacks.mp3"
Romantic	'Keith - Huma-Huma.mp3'
Romantic	'Kissing a Cancer - Dan Bodan.mp3'
Romantic	'Lake Eerie - Silent Partner.mp3'
Romantic	'Last Horizon - Silent Partner.mp3'
Romantic	'Late Nights - Causmic.mp3'
Romantic	'Latin Lover - Quincas Moreira.mp3'
Romantic	"Let's Do It - Topher Mohr and Alex Elena.mp3"
Romantic	'Lonesome Avenue - The 126ers.mp3'
Romantic	'Love and Sorrow - Au.Ra.mp3'
Romantic	'Love or Lust - Quincas Moreira.mp3'
Romantic	'Love Song - Max McFerren.mp3'
Romantic	'Lusciousness - Asher Fulero.mp3'
Romantic	'Mi Borinquen - Doug Maxwell_Jimmy Fontanez.mp3'
Romantic	'Mi Dispiace - Mini Vandals.mp3'
Romantic	'Mix It Up - RalphReal.mp3'
Romantic	'Mount Tam Two Step - Midnight North.mp3'
Romantic	'Music Box - Brian Bolger.mp3'
Romantic	'Myositis - United States Marine Band.mp3'
Romantic	'New Tattoo - Josh Kirsch_Media Right Productions.mp3'
Romantic	"Nighttime Stroll - E's Jammy Jams.mp3"
Romantic	'Nostalgic Pull - Asher Fulero.mp3'
Romantic	'Oceanside Bonfire - The Great North Sound Society.mp3'
Romantic	'One Step Closer - Aakash Gandhi.mp3'
Romantic	'Orange Chicken - DJ Williams.mp3'
Romantic	'Orbital Romance - Sir Cubworth.mp3'
Romantic	'Peace - HOVATOFF.mp3'
Romantic	'Peaceful Conclusion - Asher Fulero.mp3'
Romantic	'Pluto - Topher Mohr and Alex Elena.mp3'
Romantic	'Rag Time Time - Doug Maxwell_Media Right Productions.mp3'
Romantic	'Sand Castles - The Green Orbs.mp3'
Romantic	'Sandbox - Silent Partner.mp3'
Romantic	'Satin Sugar - Huma-Huma.mp3'
Romantic	'Shine On - Jeremy Black.mp3'
Romantic	'Soft Feeling - Cheel.mp3'
Romantic	'Solar Power - Ashley Shadow.mp3'
Romantic	"Something's Here - The Whole Other.mp3"
Romantic	'Spanish Dance - United States Marine Band.mp3'
Romantic	"Spanish Ladies - US Navy Academy Men's Glee Club.mp3"
Romantic	'Spanish Rose - Chris Haugen.mp3'
Romantic	'Spring - HOVATOFF.mp3'
Romantic	'Squadda Bambino Tumblr - Squadda B.mp3'
Romantic	'Standing Here - Silent Partner.mp3'
Romantic	'Starry Eyed Romance - Biz Baz Studio.mp3'
Romantic	'Succotash - Silent Partner.mp3'
Romantic	'Summer Nights - The 126ers.mp3'
Romantic	'Sunflower - Topher Mohr and Alex Elena.mp3'
Romantic	'Sweet as Honey - Topher Mohr and Alex Elena.mp3'
Romantic	'Take You - Vibe Tracks.mp3'
Romantic	'Tango de la Noche - Wayne Jones.mp3'
Romantic	'Tango Mango - Quincas Moreira.mp3'
Romantic	'Tea Time - Ofshane.mp3'
Romantic	'The Bachelors - United States Marine Band.mp3'
Romantic	'The Bluest Star - The 126ers.mp3'
Romantic	'The Engagement - Silent Partner.mp3'
Romantic	'The Nexus Riddim - Konrad OldMoney.mp3'
Romantic	'The Truth - Anno Domini Beats.mp3'
Romantic	'Together With You - JR Tundra.mp3'
Romantic	'Tonto - Silent Partner.mp3'
Romantic	'Touching Moment - Wayne Jones.mp3'
Romantic	'Trieste - Josh Lippi & The Overtimers (1).mp3'
Romantic	'Trieste - Josh Lippi & The Overtimers.mp3'
Romantic	'True Messiah - DJ Freedem.mp3'
Romantic	'Wander Into - ann annie.mp3'
Romantic	'Wedding Invitation - Jason Farnham.mp3'
Romantic	'Where Am I - Text Me Records.mp3'
Romantic	'Where She Walks - Everet Almond.mp3'
Romantic	'Whirlwind Love - Unicorn Heads.mp3'
Romantic	'Who Am I - Text Me Records.mp3'
Romantic	'Wigs - Riot.mp3'
Romantic	'With a Rose in Your Teeth - Nathan Moore.mp3'
Romantic	'Young And Old Know Love - Puddle of Infinity.mp3'
Sad	"80's Video Game Death - Sir Cubworth.mp3"
Sad	'A Fallen Cowboy - Sir Cubworth.mp3'
Sad	'After Thought - Density & Time.mp3'
Sad	'Aletheia (Unforgetting) - Devon Church.mp3'
Sad	'Alien1963 - Ramzoid.mp3'
Sad	'Allégro - Emmit Fenn.mp3'
Sad	'Amazing Grace - Cooper Cannell.mp3'
Sad	'AnalogueCabin - Noir Et Blanc Vie.mp3'
Sad	'Atrus Groovmacher - Max McFerren.mp3'
Sad	'Aurora Currents - Asher Fulero.mp3'
Sad	'Back Home - Coyote Hearing.mp3'
Sad	'Badlands - ELPHNT.mp3'
Sad	'Barely Small - Freedom Trail Studio.mp3'
Sad	'Boards - Francis Preve.mp3'
Sad	'Breakfast Alone - The Whole Other.mp3'
Sad	'Breeze - Telecasted.mp3'
Sad	'Bring Me Your Sorrows - Dan Lebowitz.mp3'
Sad	'Cages - Density & Time.mp3'
Sad	'Called Upon - Silent Partner.mp3'
Sad	'Chamomile - Max McFerren.mp3'
Sad	'Clean Break - Density & Time.mp3'
Sad	'Coming Home - Dan Lebowitz.mp3'
Sad	'Dark Matter - Chasms.mp3'
Sad	'Days Are Long - Silent Partner.mp3'
Sad	'Decision - The Tower of Light.mp3'
Sad	'Desert Sky - Silent Partner.mp3'
Sad	'Drop - Anno Domini Beats.mp3'
Sad	'E Minor Prelude - Chopin.mp3'
Sad	'Edge of Eternity - Norma Rockwell.mp3'
Sad	'Elegy - Asher Fulero.mp3'
Sad	'Emotional Aftermath - Doug Maxwell_Media Right Productions.mp3'
Sad	'Empty Bottle, Empty Bed - Mini Vandals.mp3'
Sad	'Ether - Silent Partner.mp3'
Sad	'Every Step - Silent Partner.mp3'
Sad	'Fights - Silent Partner.mp3'
Sad	'Final Reckoning - Asher Fulero (1).mp3'
Sad	'Finals - Silent Partner.mp3'
Sad	'First Class - DJ Williams.mp3'
Sad	'First Sleep - Sir Cubworth.mp3'
Sad	'Follow The Shadows - The 126ers.mp3'
Sad	'Fortress Europe - Dan Bodan.mp3'
Sad	'Four More Weeks - Vans in Japan.mp3'
Sad	'Freedom_ - Dan Lebowitz.mp3'
Sad	'Frost - HOVATOFF.mp3'
Sad	'Funeral March (by Chopin) - Chopin.mp3'
Sad	'Fur Elise (by Beethoven) - Beethoven.mp3'
Sad	'Future Rennaisance - Godmode.mp3'
Sad	'Good Gig In the Clouds - Joel Cummins.mp3'
Sad	'Hallowed Days - Chasms.mp3'
Sad	'Hammock Style - Silent Partner.mp3'
Sad	'Heal You - Freedom Trail Studio.mp3'
Sad	"Hine Ma Tov - E's Jammy Jams.mp3"
Sad	'Hon Kyoku - Doug Maxwell_ Zac Zinger.mp3'
Sad	'I Cannot Forget You Yet - The Brothers Records.mp3'
Sad	"I Don't Want To Do This Without You - Late Night Feeler.mp3"
Sad	'I Drank Alone - TrackTribe.mp3'
Sad	"I'll Remember You - Jeremy Blake.mp3"
Sad	'India Fuse - French Fuse.mp3'
Sad	'It Doesn’t Need To Be More Than That - pATCHES.mp3'
Sad	'It Happens - Doug Maxwell_Media Right Productions.mp3'
Sad	'It Maintains, Eyes Change - Puddle of Infinity.mp3'
Sad	'Jela - ELPHNT.mp3'
Sad	'Last Train to Mars - Dan Lebowitz.mp3'
Sad	'Late Night Train - Vans in Japan.mp3'
Sad	'Lobe - Mini Vandals.mp3'
Sad	"Los Bilibicos - E's Jammy Jams.mp3"
Sad	'Lost At Sea - TrackTribe.mp3'
Sad	"Luke's Rage - DJ Williams.mp3"
Sad	'Marigold - Quincas Moreira.mp3'
Sad	'Melancholia - Godmode.mp3'
Sad	'Miniscule Planet - JAde Wii.mp3'
Sad	'Mist - Odonis Odonis.mp3'
Sad	'Mournful Departure - Asher Fulero.mp3'
Sad	'Museums - Silent Partner.mp3'
Sad	'Orbit - Corbyn Kites.mp3'
Sad	'Organic Apples - Ashley Shadow.mp3'
Sad	'Passing Time - Kevin MacLeod.mp3'
Sad	'Rain Cloud Music - Emily A. Sprague.mp3'
Sad	'Red Berry - Silent Partner.mp3'
Sad	'Regrets - Causmic.mp3'
Sad	'Renunciation - Asher Fulero.mp3'
Sad	'Requiem In Cello - Hanu Dixit.mp3'
Sad	"Sad Sunday - E's Jammy Jams.mp3"
Sad	'Sailing - Anno Domini Beats.mp3'
Sad	'Sao Meo - Doug Maxwell_ Zac Zinger.mp3'
Sad	'Savannah - ELPHNT.mp3'
Sad	'Scapes - Silent Partner.mp3'
Sad	'Searching For The Missing Piece - Sir Cubworth.mp3'
Sad	'Secret Second Earth - The 129ers.mp3'
Sad	'Sinking Ship - Silent Partner.mp3'
Sad	'Slow Hammers - The Mini Vandals.mp3'
Sad	'Somewhere Fuse - French Fuse.mp3'
Sad	'Space Coast - Topher Mohr and Alex Elena.mp3'
Sad	'Spacetime Blues - Loopop.mp3'
Sad	'St. Francis - Josh Lippi & The Overtimers.mp3'
Sad	'Stars and Constellations - Sarah, The Illstrumentalist.mp3'
Sad	'Sulking - William Rosati.mp3'
Sad	'Surrender - Dan Lebowitz.mp3'
Sad	"Suzuki's Theme - Endless Love.mp3"
Sad	'Sweetly My Heart - Asher Fulero.mp3'
Sad	'Take Me to the Depths - Midnight North.mp3'
Sad	'The Hungry Ghost - I Think I Can Help You.mp3'
Sad	'The Long Voyage To Outer Space - Sir Cubworth.mp3'
Sad	'The Quiet Aftermath - Sir Cubworth.mp3'
Sad	'The Road To You - Silent Partner.mp3'
Sad	'The Woods - Silent Partner.mp3'
Sad	'Things Are Going Southampton - Verified Picasso.mp3'
Sad	'This is Not Effortless - True Cuckoo.mp3'
Sad	'Through and Through - Amulets.mp3'
Sad	'Till I Let Go - NEFFEX.mp3'
Sad	'Towards Us - Asher Fulero.mp3'
Sad	'Tucson - Silent Partner.mp3'
Sad	'Under The Radar - Silent Partner.mp3'
Sad	'Vespers on the Shore - The Mini Vandals.mp3'
Sad	"We'll Meet Again - Jeremy Blake.mp3"
Sad	"When It's Good, It's Great - The 126ers.mp3"
Sad	'Where Are My Clothes - The 129ers.mp3'
Sad	'Windswept - ann annie.mp3'
Sad	'Wistful Harp - Andrew Huang.mp3'
Sad	'Yiddish Sadness - Doug Maxwell.mp3'